"Status","Start Time","Stop Time","Duration in ms","Parent Suite","Suite","Sub Suite","Test Class","Test Method","Name","Description"
"passed","Sun Sep 27 08:48:28 UTC 2026","Sun Sep 27 08:48:29 UTC 2026","441","tests.regression","test_contact","","","","test_post_messages_creates_record",""
"passed","Sun Sep 27 08:47:23 UTC 2026","Sun Sep 27 08:47:24 UTC 2026","1324","tests.regression","test_auth","","","","test_register_duplicate_email_shows_error[chromium]",""
"passed","Sun Sep 27 08:48:22 UTC 2026","Sun Sep 27 08:48:22 UTC 2026","447","tests.regression","test_auth","","","","test_refresh_token_returns_new_access_token",""
"skipped","Sun Sep 27 08:47:40 UTC 2026","Sun Sep 27 08:47:40 UTC 2026","0","tests.regression","test_checkout","","","","test_address_postcode_lookup_populates_fields[chromium]",""
"skipped","Sun Sep 27 08:47:40 UTC 2026","Sun Sep 27 08:47:40 UTC 2026","0","tests.regression","test_checkout","","","","test_checkout_credit_card[chromium]",""
"skipped","Sun Sep 27 08:46:54 UTC 2026","Sun Sep 27 08:46:54 UTC 2026","0","tests.regression","test_account","","","","test_invoice_detail_shows_correct_items_and_total[chromium]",""
"skipped","Sun Sep 27 08:47:40 UTC 2026","Sun Sep 27 08:47:40 UTC 2026","0","tests.regression","test_checkout","","","","test_checkout_cash_on_delivery[chromium]",""
"passed","Sun Sep 27 08:47:21 UTC 2026","Sun Sep 27 08:47:22 UTC 2026","1857","tests.regression","test_auth","","","","test_login_unknown_email_shows_error[chromium]",""
"skipped","Sun Sep 27 08:46:54 UTC 2026","Sun Sep 27 08:46:54 UTC 2026","0","tests.regression","test_account","","","","test_add_product_to_favourites[chromium]",""
"skipped","Sun Sep 27 08:47:40 UTC 2026","Sun Sep 27 08:47:40 UTC 2026","0","tests.regression","test_checkout","","","","test_credit_card_past_expiry_rejected[chromium]",""
"passed","Sun Sep 27 08:47:49 UTC 2026","Sun Sep 27 08:47:50 UTC 2026","1256","tests.regression","test_products","","","","test_filter_products_by_brand[chromium]",""
"passed","Sun Sep 27 08:47:40 UTC 2026","Sun Sep 27 08:47:44 UTC 2026","3839","tests.regression","test_checkout","","","","test_unauthenticated_user_redirected_to_login_at_checkout[chromium]",""
"passed","Sun Sep 27 08:47:59 UTC 2026","Sun Sep 27 08:48:01 UTC 2026","2258","tests.regression","test_products","","","","test_related_products_visible_on_detail_page[chromium]",""
"passed","Sun Sep 27 08:48:30 UTC 2026","Sun Sep 27 08:48:31 UTC 2026","422","tests.regression","test_products","","","","test_categories_tree_returns_nested_structure",""
"skipped","Sun Sep 27 08:46:54 UTC 2026","Sun Sep 27 08:46:54 UTC 2026","0","tests.regression","test_account","","","","test_remove_product_from_favourites[chromium]",""
"passed","Sun Sep 27 08:48:06 UTC 2026","Sun Sep 27 08:48:07 UTC 2026","915","tests.regression","test_admin","","","","test_admin_creates_category",""
"skipped","Sun Sep 27 08:47:40 UTC 2026","Sun Sep 27 08:47:40 UTC 2026","0","tests.regression","test_checkout","","","","test_address_blank_fields_block_progression[chromium]",""
"passed","Sun Sep 27 08:47:52 UTC 2026","Sun Sep 27 08:47:54 UTC 2026","1564","tests.regression","test_products","","","","test_sort_products_price_descending[chromium]",""
"skipped","Sun Sep 27 08:47:25 UTC 2026","Sun Sep 27 08:47:25 UTC 2026","0","tests.regression","test_cart","","","","test_add_multiple_products_to_cart[chromium]",""
"passed","Sun Sep 27 08:48:30 UTC 2026","Sun Sep 27 08:48:30 UTC 2026","450","tests.regression","test_products","","","","test_products_search_api_filters_by_query",""
"passed","Sun Sep 27 08:48:08 UTC 2026","Sun Sep 27 08:48:09 UTC 2026","907","tests.regression","test_admin","","","","test_admin_creates_brand",""
"passed","Sun Sep 27 08:48:22 UTC 2026","Sun Sep 27 08:48:24 UTC 2026","1305","tests.regression","test_auth","","","","test_forgot_password_accepts_valid_email",""
"passed","Sun Sep 27 08:48:01 UTC 2026","Sun Sep 27 08:48:03 UTC 2026","2130","tests.regression","test_products","","","","test_product_specs_displayed[chromium]",""
"passed","Sun Sep 27 08:47:57 UTC 2026","Sun Sep 27 08:47:59 UTC 2026","1892","tests.regression","test_products","","","","test_product_detail_shows_name_price_description[chromium]",""
"passed","Sun Sep 27 08:47:08 UTC 2026","Sun Sep 27 08:47:15 UTC 2026","7166","tests.regression","test_admin","","","","test_admin_deletes_product[chromium]",""
"passed","Sun Sep 27 08:47:02 UTC 2026","Sun Sep 27 08:47:07 UTC 2026","5601","tests.regression","test_admin","","","","test_admin_edits_product[chromium]",""
"passed","Sun Sep 27 08:48:13 UTC 2026","Sun Sep 27 08:48:21 UTC 2026","7824","tests.regression","test_auth","","","","test_login_locked_account_returns_423",""
"passed","Sun Sep 27 08:48:12 UTC 2026","Sun Sep 27 08:48:12 UTC 2026","461","tests.regression","test_admin","","","","test_get_top10_products_report_with_admin_token",""
"skipped","Sun Sep 27 08:46:54 UTC 2026","Sun Sep 27 08:46:54 UTC 2026","0","tests.regression","test_account","","","","test_authenticated_user_sees_order_history[chromium]",""
"passed","Sun Sep 27 08:47:24 UTC 2026","Sun Sep 27 08:47:25 UTC 2026","1027","tests.regression","test_auth","","","","test_register_weak_password_shows_error[chromium]",""
"passed","Sun Sep 27 08:47:46 UTC 2026","Sun Sep 27 08:47:49 UTC 2026","2774","tests.regression","test_products","","","","test_filter_products_by_category[chromium]",""
"skipped","Sun Sep 27 08:47:40 UTC 2026","Sun Sep 27 08:47:40 UTC 2026","0","tests.regression","test_checkout","","","","test_checkout_gift_card[chromium]",""
"passed","Sun Sep 27 08:47:45 UTC 2026","Sun Sep 27 08:47:46 UTC 2026","928","tests.regression","test_contact","","","","test_contact_form_empty_fields_blocked[chromium]",""
"passed","Sun Sep 27 08:47:31 UTC 2026","Sun Sep 27 08:47:36 UTC 2026","5184","tests.regression","test_cart","","","","test_remove_single_item_from_cart[chromium]",""
"passed","Sun Sep 27 08:47:44 UTC 2026","Sun Sep 27 08:47:45 UTC 2026","1304","tests.regression","test_contact","","","","test_contact_form_submits_successfully[chromium]",""
"passed","Sun Sep 27 08:47:26 UTC 2026","Sun Sep 27 08:47:31 UTC 2026","4678","tests.regression","test_cart","","","","test_update_item_quantity_in_cart[chromium]",""
"skipped","Sun Sep 27 08:48:04 UTC 2026","Sun Sep 27 08:48:05 UTC 2026","935","tests.regression","test_account","","","","test_download_pdf_endpoint_returns_file",""
"passed","Sun Sep 27 08:48:13 UTC 2026","Sun Sep 27 08:48:13 UTC 2026","441","tests.regression","test_admin","","","","test_non_admin_token_rejected_on_admin_endpoints",""
"passed","Sun Sep 27 08:48:09 UTC 2026","Sun Sep 27 08:48:11 UTC 2026","1872","tests.regression","test_admin","","","","test_admin_updates_invoice_status",""
"skipped","Sun Sep 27 08:47:40 UTC 2026","Sun Sep 27 08:47:40 UTC 2026","0","tests.regression","test_checkout","","","","test_checkout_buy_now_pay_later[chromium]",""
"passed","Sun Sep 27 08:47:50 UTC 2026","Sun Sep 27 08:47:52 UTC 2026","2052","tests.regression","test_products","","","","test_sort_products_price_ascending[chromium]",""
"passed","Sun Sep 27 08:47:54 UTC 2026","Sun Sep 27 08:47:57 UTC 2026","2747","tests.regression","test_products","","","","test_search_unknown_keyword_shows_empty_state[chromium]",""
"passed","Sun Sep 27 08:48:26 UTC 2026","Sun Sep 27 08:48:28 UTC 2026","2631","tests.regression","test_cart","","","","test_api_remove_item_from_cart",""
"skipped","Sun Sep 27 08:47:40 UTC 2026","Sun Sep 27 08:47:40 UTC 2026","0","tests.regression","test_checkout","","","","test_checkout_bank_transfer[chromium]",""
"skipped","Sun Sep 27 08:47:40 UTC 2026","Sun Sep 27 08:47:40 UTC 2026","0","tests.regression","test_checkout","","","","test_credit_card_invalid_format_rejected[chromium]",""
"passed","Sun Sep 27 08:48:24 UTC 2026","Sun Sep 27 08:48:26 UTC 2026","2205","tests.regression","test_cart","","","","test_api_create_cart_and_add_item",""
"skipped","Sun Sep 27 08:48:21 UTC 2026","Sun Sep 27 08:48:21 UTC 2026","456","tests.regression","test_auth","","","","test_login_disabled_account_returns_403",""
"passed","Sun Sep 27 08:47:36 UTC 2026","Sun Sep 27 08:47:40 UTC 2026","4047","tests.regression","test_cart","","","","test_cart_persists_across_navigation[chromium]",""
"passed","Sun Sep 27 08:48:29 UTC 2026","Sun Sep 27 08:48:30 UTC 2026","876","tests.regression","test_products","","","","test_products_api_pagination",""
"passed","Sun Sep 27 08:46:56 UTC 2026","Sun Sep 27 08:47:01 UTC 2026","5277","tests.regression","test_admin","","","","test_admin_creates_product[chromium]",""
"passed","Sun Sep 27 08:47:18 UTC 2026","Sun Sep 27 08:47:21 UTC 2026","2072","tests.regression","test_auth","","","","test_login_wrong_password_shows_error[chromium]",""
"skipped","Sun Sep 27 08:47:22 UTC 2026","Sun Sep 27 08:47:22 UTC 2026","0","tests.regression","test_auth","","","","test_register_new_user_can_login[chromium]",""
"skipped","Sun Sep 27 08:47:25 UTC 2026","Sun Sep 27 08:47:25 UTC 2026","0","tests.regression","test_auth","","","","test_change_password_authenticated[chromium]",""
"passed","Sun Sep 27 08:47:16 UTC 2026","Sun Sep 27 08:47:18 UTC 2026","2611","tests.regression","test_admin","","","","test_admin_views_user_list[chromium]",""
"passed","Sun Sep 27 08:48:05 UTC 2026","Sun Sep 27 08:48:06 UTC 2026","471","tests.regression","test_account","","","","test_get_favorites_api_returns_list",""
